firstname,Mon,Tue,Wed,Thu,Fri
Jenna,113.42031250000001,0,0,0,0
George,123.88,0,0,0,0
John,26.431187499999997,0,0,0,0
Daisy,8.178437500000001,0,0,0,0
