firstname,Tone
Jenna,0.5639937157601067
George,0.8106858183926204
John,0.6885290642529116
Daisy,0.686026281574715
